,dataset,label,path,sr,t_seconds,tempo
0,a,artifact,../input/heartbeat-sounds/set_a/artifact__201012172012.wav,22050,9.0,129.19921875
1,a,artifact,../input/heartbeat-sounds/set_a/artifact__201105040918.wav,22050,9.0,107.666015625
2,a,artifact,../input/heartbeat-sounds/set_a/artifact__201105041959.wav,22050,9.0,112.34714673913044
3,a,artifact,../input/heartbeat-sounds/set_a/artifact__201105051017.wav,22050,9.0,135.99917763157896
4,a,artifact,../input/heartbeat-sounds/set_a/artifact__201105060108.wav,22050,9.0,123.046875
5,a,artifact,../input/heartbeat-sounds/set_a/artifact__201105061143.wav,22050,9.0,129.19921875
6,a,artifact,../input/heartbeat-sounds/set_a/artifact__201105190800.wav,22050,9.0,151.99908088235293
7,a,artifact,../input/heartbeat-sounds/set_a/artifact__201105280851.wav,22050,9.0,123.046875
8,a,artifact,../input/heartbeat-sounds/set_a/artifact__201106010559.wav,22050,9.0,117.45383522727273
9,a,artifact,../input/heartbeat-sounds/set_a/artifact__201106010602.wav,22050,9.0,117.45383522727273
10,a,artifact,../input/heartbeat-sounds/set_a/artifact__201106021541.wav,22050,9.0,123.046875
11,a,artifact,../input/heartbeat-sounds/set_a/artifact__201106030612.wav,22050,9.0,103.359375
12,a,artifact,../input/heartbeat-sounds/set_a/artifact__201106031558.wav,22050,9.0,129.19921875
13,a,artifact,../input/heartbeat-sounds/set_a/artifact__201106040722.wav,22050,9.0,83.35433467741936
14,a,artifact,../input/heartbeat-sounds/set_a/artifact__201106040933.wav,22050,9.0,161.4990234375
15,a,artifact,../input/heartbeat-sounds/set_a/artifact__201106040947.wav,22050,9.0,161.4990234375
16,a,artifact,../input/heartbeat-sounds/set_a/artifact__201106041452.wav,22050,9.0,129.19921875
17,a,artifact,../input/heartbeat-sounds/set_a/artifact__201106050353.wav,22050,9.0,129.19921875
18,a,artifact,../input/heartbeat-sounds/set_a/artifact__201106061233.wav,22050,9.0,64.599609375
19,a,artifact,../input/heartbeat-sounds/set_a/artifact__201106070537.wav,22050,9.0,107.666015625
20,a,artifact,../input/heartbeat-sounds/set_a/artifact__201106070949.wav,22050,9.0,123.046875
21,a,artifact,../input/heartbeat-sounds/set_a/artifact__201106101314.wav,22050,9.0,129.19921875
22,a,artifact,../input/heartbeat-sounds/set_a/artifact__201106101955.wav,22050,9.0,161.4990234375
23,a,artifact,../input/heartbeat-sounds/set_a/artifact__201106110909.wav,22050,9.0,107.666015625
24,a,artifact,../input/heartbeat-sounds/set_a/artifact__201106111119.wav,22050,9.0,151.99908088235293
25,a,artifact,../input/heartbeat-sounds/set_a/artifact__201106121242.wav,22050,9.0,117.45383522727273
26,a,artifact,../input/heartbeat-sounds/set_a/artifact__201106121445.wav,22050,9.0,117.45383522727273
27,a,artifact,../input/heartbeat-sounds/set_a/artifact__201106131834.wav,22050,9.0,103.359375
28,a,artifact,../input/heartbeat-sounds/set_a/artifact__201106131835.wav,22050,9.0,103.359375
29,a,artifact,../input/heartbeat-sounds/set_a/artifact__201106141701.wav,22050,9.0,123.046875
30,a,artifact,../input/heartbeat-sounds/set_a/artifact__201106161016.wav,22050,9.0,129.19921875
31,a,artifact,../input/heartbeat-sounds/set_a/artifact__201106161019.wav,22050,9.0,129.19921875
32,a,artifact,../input/heartbeat-sounds/set_a/artifact__201106161219.wav,22050,9.0,117.45383522727273
33,a,artifact,../input/heartbeat-sounds/set_a/artifact__201106171003.wav,22050,9.0,129.19921875
34,a,artifact,../input/heartbeat-sounds/set_a/artifact__201106190520.wav,22050,9.0,117.45383522727273
35,a,artifact,../input/heartbeat-sounds/set_a/artifact__201106211041.wav,22050,9.0,129.19921875
36,a,artifact,../input/heartbeat-sounds/set_a/artifact__201106211430.wav,22050,9.0,135.99917763157896
37,a,artifact,../input/heartbeat-sounds/set_a/artifact__201106212112.wav,22050,9.0,129.19921875
38,a,artifact,../input/heartbeat-sounds/set_a/artifact__201106220340.wav,22050,9.0,151.99908088235293
39,a,artifact,../input/heartbeat-sounds/set_a/artifact__201106221254.wav,22050,9.0,103.359375
40,a,extrahls,../input/heartbeat-sounds/set_a/extrahls__201101070953.wav,22050,8.88408163265306,117.45383522727273
41,a,extrahls,../input/heartbeat-sounds/set_a/extrahls__201101091153.wav,22050,9.0,151.99908088235293
42,a,extrahls,../input/heartbeat-sounds/set_a/extrahls__201101152255.wav,22050,8.026167800453514,135.99917763157896
43,a,extrahls,../input/heartbeat-sounds/set_a/extrahls__201101160804.wav,22050,7.0174149659863945,103.359375
44,a,extrahls,../input/heartbeat-sounds/set_a/extrahls__201101160808.wav,22050,6.167120181405895,135.99917763157896
45,a,extrahls,../input/heartbeat-sounds/set_a/extrahls__201101161027.wav,22050,5.9556916099773245,117.45383522727273
46,a,extrahls,../input/heartbeat-sounds/set_a/extrahls__201101241423.wav,22050,9.0,123.046875
47,a,extrahls,../input/heartbeat-sounds/set_a/extrahls__201101241433.wav,22050,9.0,129.19921875
48,a,extrahls,../input/heartbeat-sounds/set_a/extrahls__201102070251.wav,22050,8.01392290249433,123.046875
49,a,extrahls,../input/heartbeat-sounds/set_a/extrahls__201102071835.wav,22050,7.863537414965986,103.359375
50,a,extrahls,../input/heartbeat-sounds/set_a/extrahls__201102241217.wav,22050,9.0,129.19921875
51,a,extrahls,../input/heartbeat-sounds/set_a/extrahls__201103150114.wav,22050,9.0,123.046875
52,a,extrahls,../input/heartbeat-sounds/set_a/extrahls__201103170134.wav,22050,7.8802267573696145,75.99954044117646
53,a,extrahls,../input/heartbeat-sounds/set_a/extrahls__201103182227.wav,22050,9.0,143.5546875
54,a,extrahls,../input/heartbeat-sounds/set_a/extrahls__201103200218.wav,22050,9.0,143.5546875
55,a,extrahls,../input/heartbeat-sounds/set_a/extrahls__201104021355.wav,22050,0.9363718820861678,135.99917763157896
56,a,extrahls,../input/heartbeat-sounds/set_a/extrahls__201104140118.wav,22050,1.9473922902494332,161.4990234375
57,a,extrahls,../input/heartbeat-sounds/set_a/extrahls__201104270458.wav,22050,3.2354195011337867,117.45383522727273
58,a,extrahls,../input/heartbeat-sounds/set_a/extrahls__201104270459.wav,22050,1.6452607709750566,117.45383522727273
59,a,murmur,../input/heartbeat-sounds/set_a/murmur__201101051104.wav,22050,8.88408163265306,129.19921875
60,a,murmur,../input/heartbeat-sounds/set_a/murmur__201101051108.wav,22050,8.88408163265306,129.19921875
61,a,murmur,../input/heartbeat-sounds/set_a/murmur__201101051114.wav,22050,8.88408163265306,117.45383522727273
62,a,murmur,../input/heartbeat-sounds/set_a/murmur__201101180902.wav,22050,8.034421768707483,54.978390957446805
63,a,murmur,../input/heartbeat-sounds/set_a/murmur__201102051443.wav,22050,6.818956916099773,117.45383522727273
64,a,murmur,../input/heartbeat-sounds/set_a/murmur__201102052338.wav,22050,9.0,129.19921875
65,a,murmur,../input/heartbeat-sounds/set_a/murmur__201103291548.wav,22050,7.504172335600907,123.046875
66,a,murmur,../input/heartbeat-sounds/set_a/murmur__201104021355.wav,22050,0.9363718820861678,135.99917763157896
67,a,murmur,../input/heartbeat-sounds/set_a/murmur__201104241315.wav,22050,9.0,123.046875
68,a,murmur,../input/heartbeat-sounds/set_a/murmur__201104291843.wav,22050,4.826893424036281,129.19921875
69,a,murmur,../input/heartbeat-sounds/set_a/murmur__201106141148.wav,22050,5.966575963718821,99.38401442307692
70,a,murmur,../input/heartbeat-sounds/set_a/murmur__201108222221.wav,22050,7.935555555555555,172.265625
71,a,murmur,../input/heartbeat-sounds/set_a/murmur__201108222223.wav,22050,7.935555555555555,123.046875
72,a,murmur,../input/heartbeat-sounds/set_a/murmur__201108222224.wav,22050,7.935555555555555,123.046875
73,a,murmur,../input/heartbeat-sounds/set_a/murmur__201108222226.wav,22050,7.935555555555555,123.046875
74,a,murmur,../input/heartbeat-sounds/set_a/murmur__201108222227.wav,22050,7.935555555555555,172.265625
75,a,murmur,../input/heartbeat-sounds/set_a/murmur__201108222231.wav,22050,7.935555555555555,123.046875
76,a,murmur,../input/heartbeat-sounds/set_a/murmur__201108222232.wav,22050,7.935555555555555,117.45383522727273
77,a,murmur,../input/heartbeat-sounds/set_a/murmur__201108222233.wav,22050,7.935555555555555,123.046875
78,a,murmur,../input/heartbeat-sounds/set_a/murmur__201108222235.wav,22050,7.935555555555555,123.046875
79,a,murmur,../input/heartbeat-sounds/set_a/murmur__201108222236.wav,22050,7.935555555555555,161.4990234375
80,a,murmur,../input/heartbeat-sounds/set_a/murmur__201108222237.wav,22050,7.935555555555555,123.046875
81,a,murmur,../input/heartbeat-sounds/set_a/murmur__201108222238.wav,22050,7.935555555555555,89.10290948275862
82,a,murmur,../input/heartbeat-sounds/set_a/murmur__201108222242.wav,22050,7.935555555555555,123.046875
83,a,murmur,../input/heartbeat-sounds/set_a/murmur__201108222243.wav,22050,7.935555555555555,58.72691761363637
84,a,murmur,../input/heartbeat-sounds/set_a/murmur__201108222245.wav,22050,7.935555555555555,123.046875
85,a,murmur,../input/heartbeat-sounds/set_a/murmur__201108222246.wav,22050,7.935555555555555,123.046875
86,a,murmur,../input/heartbeat-sounds/set_a/murmur__201108222248.wav,22050,7.935555555555555,123.046875
87,a,murmur,../input/heartbeat-sounds/set_a/murmur__201108222251.wav,22050,7.935555555555555,117.45383522727273
88,a,murmur,../input/heartbeat-sounds/set_a/murmur__201108222252.wav,22050,7.935555555555555,123.046875
89,a,murmur,../input/heartbeat-sounds/set_a/murmur__201108222253.wav,22050,7.935555555555555,89.10290948275862
90,a,murmur,../input/heartbeat-sounds/set_a/murmur__201108222255.wav,22050,7.935555555555555,89.10290948275862
91,a,murmur,../input/heartbeat-sounds/set_a/murmur__201108222256.wav,22050,7.935555555555555,161.4990234375
92,a,murmur,../input/heartbeat-sounds/set_a/murmur__201108222258.wav,22050,7.935555555555555,123.046875
93,a,normal,../input/heartbeat-sounds/set_a/normal__201101070538.wav,22050,8.88408163265306,143.5546875
94,a,normal,../input/heartbeat-sounds/set_a/normal__201101151127.wav,22050,9.0,117.45383522727273
95,a,normal,../input/heartbeat-sounds/set_a/normal__201102081152.wav,22050,7.14485260770975,129.19921875
96,a,normal,../input/heartbeat-sounds/set_a/normal__201102081321.wav,22050,7.888571428571429,129.19921875
97,a,normal,../input/heartbeat-sounds/set_a/normal__201102201230.wav,22050,9.0,129.19921875
98,a,normal,../input/heartbeat-sounds/set_a/normal__201102260502.wav,22050,6.284126984126984,135.99917763157896
99,a,normal,../input/heartbeat-sounds/set_a/normal__201102270940.wav,22050,9.0,117.45383522727273
100,a,normal,../input/heartbeat-sounds/set_a/normal__201103090635.wav,22050,8.01392290249433,95.703125
101,a,normal,../input/heartbeat-sounds/set_a/normal__201103101140.wav,22050,9.0,66.25600961538461
102,a,normal,../input/heartbeat-sounds/set_a/normal__201103140132.wav,22050,9.0,117.45383522727273
103,a,normal,../input/heartbeat-sounds/set_a/normal__201103140135.wav,22050,7.947074829931973,107.666015625
104,a,normal,../input/heartbeat-sounds/set_a/normal__201103140822.wav,22050,8.01392290249433,129.19921875
105,a,normal,../input/heartbeat-sounds/set_a/normal__201103151912.wav,22050,9.0,123.046875
106,a,normal,../input/heartbeat-sounds/set_a/normal__201103170121.wav,22050,8.030657596371881,75.99954044117646
107,a,normal,../input/heartbeat-sounds/set_a/normal__201103221214.wav,22050,3.4634467120181407,143.5546875
108,a,normal,../input/heartbeat-sounds/set_a/normal__201104122156.wav,22050,9.0,107.666015625
109,a,normal,../input/heartbeat-sounds/set_a/normal__201104141251.wav,22050,7.637913832199547,117.45383522727273
110,a,normal,../input/heartbeat-sounds/set_a/normal__201105011626.wav,22050,9.0,129.19921875
111,a,normal,../input/heartbeat-sounds/set_a/normal__201105021654.wav,22050,7.997233560090703,123.046875
112,a,normal,../input/heartbeat-sounds/set_a/normal__201105021804.wav,22050,9.0,103.359375
113,a,normal,../input/heartbeat-sounds/set_a/normal__201105151450.wav,22050,7.537596371882086,123.046875
114,a,normal,../input/heartbeat-sounds/set_a/normal__201106111136.wav,22050,4.963809523809524,151.99908088235293
115,a,normal,../input/heartbeat-sounds/set_a/normal__201106141148.wav,22050,5.749297052154195,99.38401442307692
116,a,normal,../input/heartbeat-sounds/set_a/normal__201106151236.wav,22050,7.771609977324263,71.77734375
117,a,normal,../input/heartbeat-sounds/set_a/normal__201106210943.wav,22050,5.849614512471655,123.046875
118,a,normal,../input/heartbeat-sounds/set_a/normal__201106221418.wav,22050,7.00281179138322,129.19921875
119,a,normal,../input/heartbeat-sounds/set_a/normal__201106221450.wav,22050,9.0,117.45383522727273
120,a,normal,../input/heartbeat-sounds/set_a/normal__201108011112.wav,22050,7.935555555555555,123.046875
121,a,normal,../input/heartbeat-sounds/set_a/normal__201108011114.wav,22050,7.935555555555555,129.19921875
122,a,normal,../input/heartbeat-sounds/set_a/normal__201108011115.wav,22050,7.935555555555555,123.046875
123,a,normal,../input/heartbeat-sounds/set_a/normal__201108011118.wav,22050,7.935555555555555,89.10290948275862
0,b,extrastole,../input/heartbeat-sounds/set_b/extrastole__127_1306764300147_C2.wav,22050,4.676009070294785,95.703125
1,b,extrastole,../input/heartbeat-sounds/set_b/extrastole__128_1306344005749_A.wav,22050,9.236507936507936,123.046875
2,b,extrastole,../input/heartbeat-sounds/set_b/extrastole__130_1306347376079_D.wav,22050,4.002766439909297,117.45383522727273
3,b,extrastole,../input/heartbeat-sounds/set_b/extrastole__134_1306428161797_C1.wav,22050,2.561269841269841,198.76802884615384
4,b,extrastole,../input/heartbeat-sounds/set_b/extrastole__138_1306762146980_B.wav,22050,8.103764172335602,95.703125
5,b,extrastole,../input/heartbeat-sounds/set_b/extrastole__140_1306519735121_D.wav,22050,5.981768707482993,143.5546875
6,b,extrastole,../input/heartbeat-sounds/set_b/extrastole__144_1306522408528_B.wav,22050,5.3382766439909295,99.38401442307692
7,b,extrastole,../input/heartbeat-sounds/set_b/extrastole__144_1306522408528_B1.wav,22050,3.3490249433106576,103.359375
8,b,extrastole,../input/heartbeat-sounds/set_b/extrastole__148_1306768801551_B.wav,22050,3.998775510204082,112.34714673913044
9,b,extrastole,../input/heartbeat-sounds/set_b/extrastole__151_1306779785624_B.wav,22050,11.308253968253968,129.19921875
10,b,extrastole,../input/heartbeat-sounds/set_b/extrastole__153_1306848820671_C.wav,22050,6.464036281179139,112.34714673913044
11,b,extrastole,../input/heartbeat-sounds/set_b/extrastole__154_1306935608852_D2.wav,22050,2.3932879818594106,117.45383522727273
12,b,extrastole,../input/heartbeat-sounds/set_b/extrastole__163_1307104470471_C.wav,22050,8.462766439909297,117.45383522727273
13,b,extrastole,../input/heartbeat-sounds/set_b/extrastole__179_1307990076841_C.wav,22050,12.438004535147392,99.38401442307692
14,b,extrastole,../input/heartbeat-sounds/set_b/extrastole__184_1308073010307_A.wav,22050,13.38077097505669,107.666015625
15,b,extrastole,../input/heartbeat-sounds/set_b/extrastole__190_1308076920011_C.wav,22050,1.8745124716553287,99.38401442307692
16,b,extrastole,../input/heartbeat-sounds/set_b/extrastole__191_1308077299430_A.wav,22050,10.408752834467121,107.666015625
17,b,extrastole,../input/heartbeat-sounds/set_b/extrastole__194_1308139824187_B.wav,22050,5.860770975056689,107.666015625
18,b,extrastole,../input/heartbeat-sounds/set_b/extrastole__198_1308141739338_B.wav,22050,5.122267573696145,184.5703125
19,b,extrastole,../input/heartbeat-sounds/set_b/extrastole__198_1308141739338_B1.wav,22050,6.671519274376418,129.19921875
20,b,extrastole,../input/heartbeat-sounds/set_b/extrastole__202_1308145175747_C1.wav,22050,2.8430385487528347,129.19921875
21,b,extrastole,../input/heartbeat-sounds/set_b/extrastole__202_1308145175747_C2.wav,22050,2.083537414965986,143.5546875
22,b,extrastole,../input/heartbeat-sounds/set_b/extrastole__207_1308159792607_B.wav,22050,4.484761904761905,89.10290948275862
23,b,extrastole,../input/heartbeat-sounds/set_b/extrastole__207_1308159792607_B1.wav,22050,5.290022675736961,89.10290948275862
24,b,extrastole,../input/heartbeat-sounds/set_b/extrastole__209_1308162216750_D.wav,22050,5.644761904761904,75.99954044117646
25,b,extrastole,../input/heartbeat-sounds/set_b/extrastole__210_1308162935880_C.wav,22050,9.685759637188209,117.45383522727273
26,b,extrastole,../input/heartbeat-sounds/set_b/extrastole__213_1308245263936_D.wav,22050,4.702267573696145,92.28515625
27,b,extrastole,../input/heartbeat-sounds/set_b/extrastole__215_1308245664733_B.wav,22050,4.129024943310657,184.5703125
28,b,extrastole,../input/heartbeat-sounds/set_b/extrastole__215_1308245664733_B1.wav,22050,2.8745124716553287,75.99954044117646
29,b,extrastole,../input/heartbeat-sounds/set_b/extrastole__216_1308245839516_A.wav,22050,12.102267573696144,129.19921875
30,b,extrastole,../input/heartbeat-sounds/set_b/extrastole__216_1308245839516_B.wav,22050,2.4985034013605443,95.703125
31,b,extrastole,../input/heartbeat-sounds/set_b/extrastole__220_1308250132896_B.wav,22050,5.305034013605442,99.38401442307692
32,b,extrastole,../input/heartbeat-sounds/set_b/extrastole__224_1308337157445_B.wav,22050,3.602267573696145,95.703125
33,b,extrastole,../input/heartbeat-sounds/set_b/extrastole__229_1308594979317_B.wav,22050,5.579773242630385,92.28515625
34,b,extrastole,../input/heartbeat-sounds/set_b/extrastole__235_1308749032454_B.wav,22050,8.046031746031746,129.19921875
35,b,extrastole,../input/heartbeat-sounds/set_b/extrastole__237_1308750231222_A.wav,22050,2.0192743764172336,172.265625
36,b,extrastole,../input/heartbeat-sounds/set_b/extrastole__237_1308750231222_C.wav,22050,3.6127891156462586,103.359375
37,b,extrastole,../input/heartbeat-sounds/set_b/extrastole__249_1309202052376_C.wav,22050,3.5607709750566894,117.45383522727273
38,b,extrastole,../input/heartbeat-sounds/set_b/extrastole__253_1309350256198_B.wav,22050,2.917777777777778,117.45383522727273
39,b,extrastole,../input/heartbeat-sounds/set_b/extrastole__261_1309353556003_C.wav,22050,5.185260770975057,184.5703125
40,b,extrastole,../input/heartbeat-sounds/set_b/extrastole__265_1309367698923_C.wav,22050,4.095283446712018,112.34714673913044
41,b,extrastole,../input/heartbeat-sounds/set_b/extrastole__274_1311075637574_A.wav,22050,3.9417687074829932,95.703125
42,b,extrastole,../input/heartbeat-sounds/set_b/extrastole__275_1310990852160_B.wav,22050,4.884263038548752,107.666015625
43,b,extrastole,../input/heartbeat-sounds/set_b/extrastole__286_1311170606028_D.wav,22050,6.730521541950114,123.046875
44,b,extrastole,../input/heartbeat-sounds/set_b/extrastole__294_1311681084248_C.wav,22050,11.835011337868481,129.19921875
45,b,extrastole,../input/heartbeat-sounds/set_b/extrastole__298_1311685888900_C.wav,22050,10.183537414965986,172.265625
46,b,murmur,../input/heartbeat-sounds/set_b/murmur__112_1306243000964_A.wav,22050,4.666258503401361,123.046875
47,b,murmur,../input/heartbeat-sounds/set_b/murmur__112_1306243000964_B.wav,22050,11.589251700680272,123.046875
48,b,murmur,../input/heartbeat-sounds/set_b/murmur__112_1306243000964_D.wav,22050,15.281768707482993,135.99917763157896
49,b,murmur,../input/heartbeat-sounds/set_b/murmur__116_1306258689913_A.wav,22050,8.61827664399093,143.5546875
50,b,murmur,../input/heartbeat-sounds/set_b/murmur__116_1306258689913_C.wav,22050,24.16,143.5546875
51,b,murmur,../input/heartbeat-sounds/set_b/murmur__116_1306258689913_D.wav,22050,6.319501133786848,112.34714673913044
52,b,murmur,../input/heartbeat-sounds/set_b/murmur__122_1306325762831_C.wav,22050,5.57328798185941,143.5546875
53,b,murmur,../input/heartbeat-sounds/set_b/murmur__122_1306325762831_D.wav,22050,14.407528344671201,151.99908088235293
54,b,murmur,../input/heartbeat-sounds/set_b/murmur__156_1306936373241_B.wav,22050,4.1177777777777775,103.359375
55,b,murmur,../input/heartbeat-sounds/set_b/murmur__160_1307100683334_A.wav,22050,11.804036281179139,112.34714673913044
56,b,murmur,../input/heartbeat-sounds/set_b/murmur__160_1307100683334_B.wav,22050,16.960272108843537,112.34714673913044
57,b,murmur,../input/heartbeat-sounds/set_b/murmur__161_1307101199321_A.wav,22050,17.258503401360546,135.99917763157896
58,b,murmur,../input/heartbeat-sounds/set_b/murmur__162_1307101835989_A.wav,22050,13.806757369614512,112.34714673913044
59,b,murmur,../input/heartbeat-sounds/set_b/murmur__162_1307101835989_B.wav,22050,3.6185034013605444,123.046875
60,b,murmur,../input/heartbeat-sounds/set_b/murmur__164_1307106095995_B.wav,22050,12.826530612244898,117.45383522727273
61,b,murmur,../input/heartbeat-sounds/set_b/murmur__164_1307106095995_C.wav,22050,3.043537414965986,123.046875
62,b,murmur,../input/heartbeat-sounds/set_b/murmur__165_1307109069581_C.wav,22050,3.7365079365079366,117.45383522727273
63,b,murmur,../input/heartbeat-sounds/set_b/murmur__165_1307109069581_C2.wav,22050,4.949750566893424,95.703125
64,b,murmur,../input/heartbeat-sounds/set_b/murmur__171_1307971016233_D.wav,22050,2.7867573696145125,143.5546875
65,b,murmur,../input/heartbeat-sounds/set_b/murmur__171_1307971016233_D1.wav,22050,2.797278911564626,151.99908088235293
66,b,murmur,../input/heartbeat-sounds/set_b/murmur__171_1307971016233_E.wav,22050,0.8567800453514739,143.5546875
67,b,murmur,../input/heartbeat-sounds/set_b/murmur__185_1308073325396_B.wav,22050,11.109750566893425,107.666015625
68,b,murmur,../input/heartbeat-sounds/set_b/murmur__185_1308073325396_C.wav,22050,15.72453514739229,103.359375
69,b,murmur,../input/heartbeat-sounds/set_b/murmur__193_1308078104592_B.wav,22050,6.637777777777778,123.046875
70,b,murmur,../input/heartbeat-sounds/set_b/murmur__193_1308078104592_C.wav,22050,3.952517006802721,117.45383522727273
71,b,murmur,../input/heartbeat-sounds/set_b/murmur__193_1308078104592_C1.wav,22050,2.7485260770975057,129.19921875
72,b,murmur,../input/heartbeat-sounds/set_b/murmur__195_1308140095331_A.wav,22050,2.236281179138322,103.359375
73,b,murmur,../input/heartbeat-sounds/set_b/murmur__195_1308140095331_C.wav,22050,2.7232653061224488,86.1328125
74,b,murmur,../input/heartbeat-sounds/set_b/murmur__195_1308140095331_C1.wav,22050,4.238004535147392,198.76802884615384
75,b,murmur,../input/heartbeat-sounds/set_b/murmur__196_1308141034858_B.wav,22050,16.32104308390023,103.359375
76,b,murmur,../input/heartbeat-sounds/set_b/murmur__196_1308141034858_C.wav,22050,16.91777777777778,184.5703125
77,b,murmur,../input/heartbeat-sounds/set_b/murmur__197_1308141235553_A.wav,22050,10.467755102040817,112.34714673913044
78,b,murmur,../input/heartbeat-sounds/set_b/murmur__197_1308141235553_C.wav,22050,7.126258503401361,117.45383522727273
79,b,murmur,../input/heartbeat-sounds/set_b/murmur__197_1308141235553_D.wav,22050,18.40902494331066,112.34714673913044
80,b,murmur,../input/heartbeat-sounds/set_b/murmur__200_1308144251434_C.wav,22050,3.1895238095238096,83.35433467741936
81,b,murmur,../input/heartbeat-sounds/set_b/murmur__200_1308144251434_D.wav,22050,7.774285714285714,92.28515625
82,b,murmur,../input/heartbeat-sounds/set_b/murmur__203_1308162026258_B.wav,22050,5.632517006802721,117.45383522727273
83,b,murmur,../input/heartbeat-sounds/set_b/murmur__203_1308162026258_C1.wav,22050,4.344263038548752,123.046875
84,b,murmur,../input/heartbeat-sounds/set_b/murmur__203_1308162026258_D.wav,22050,3.8467573696145125,184.5703125
85,b,murmur,../input/heartbeat-sounds/set_b/murmur__204_1308159229275_B.wav,22050,4.364036281179138,83.35433467741936
86,b,murmur,../input/heartbeat-sounds/set_b/murmur__211_1308163238707_C.wav,22050,2.8370068027210884,86.1328125
87,b,murmur,../input/heartbeat-sounds/set_b/murmur__223_1308337062581_D.wav,22050,3.6700226757369614,135.99917763157896
88,b,murmur,../input/heartbeat-sounds/set_b/murmur__239_1309195730333_B.wav,22050,5.285532879818594,117.45383522727273
89,b,murmur,../input/heartbeat-sounds/set_b/murmur__239_1309195730333_C.wav,22050,7.775283446712018,117.45383522727273
90,b,murmur,../input/heartbeat-sounds/set_b/murmur__240_1309196119795_B.wav,22050,6.997505668934241,198.76802884615384
91,b,murmur,../input/heartbeat-sounds/set_b/murmur__240_1309196119795_C.wav,22050,11.35328798185941,67.99958881578948
92,b,murmur,../input/heartbeat-sounds/set_b/murmur__240_1309201366049_B.wav,22050,5.484263038548753,75.99954044117646
93,b,murmur,../input/heartbeat-sounds/set_b/murmur__242_1309197394064_B.wav,22050,6.380544217687075,103.359375
94,b,murmur,../input/heartbeat-sounds/set_b/murmur__242_1309197394064_D.wav,22050,4.64,161.4990234375
95,b,murmur,../input/heartbeat-sounds/set_b/murmur__244_1309198148498_B.wav,22050,2.1425396825396827,198.76802884615384
96,b,murmur,../input/heartbeat-sounds/set_b/murmur__245_1309200438094_B.wav,22050,2.0477551020408162,143.5546875
97,b,murmur,../input/heartbeat-sounds/set_b/murmur__248_1309201683806_A.wav,22050,7.1210430839002266,112.34714673913044
98,b,murmur,../input/heartbeat-sounds/set_b/murmur__248_1309201683806_C.wav,22050,9.854013605442177,103.359375
99,b,murmur,../input/heartbeat-sounds/set_b/murmur__254_1309350589009_A.wav,22050,2.3757823129251703,135.99917763157896
100,b,murmur,../input/heartbeat-sounds/set_b/murmur__254_1309350589009_A1.wav,22050,7.393514739229025,123.046875
101,b,murmur,../input/heartbeat-sounds/set_b/murmur__254_1309350589009_C.wav,22050,4.240272108843538,112.34714673913044
102,b,murmur,../input/heartbeat-sounds/set_b/murmur__254_1309350589009_D.wav,22050,8.836281179138322,112.34714673913044
103,b,murmur,../input/heartbeat-sounds/set_b/murmur__276_1311162716489_C.wav,22050,6.217006802721088,172.265625
104,b,murmur,../input/heartbeat-sounds/set_b/murmur__281_1311165683454_A.wav,22050,11.009251700680272,112.34714673913044
105,b,murmur,../input/heartbeat-sounds/set_b/murmur__281_1311165683454_B.wav,22050,10.252290249433107,117.45383522727273
106,b,murmur,../input/heartbeat-sounds/set_b/murmur__281_1311165683454_D.wav,22050,12.544263038548753,117.45383522727273
107,b,murmur,../input/heartbeat-sounds/set_b/murmur__287_1311170903290_C.wav,22050,8.579002267573696,129.19921875
108,b,murmur,../input/heartbeat-sounds/set_b/murmur__288_1311164615284_D.wav,22050,11.35328798185941,89.10290948275862
109,b,murmur,../input/heartbeat-sounds/set_b/murmur__292_1311185449649_B.wav,22050,3.222766439909297,78.30255681818181
110,b,murmur,../input/heartbeat-sounds/set_b/murmur__292_1311185449649_C.wav,22050,5.619274376417233,117.45383522727273
111,b,murmur,../input/heartbeat-sounds/set_b/murmur__293_1311680805936_B1.wav,22050,1.4045351473922902,95.703125
112,b,normal,../input/heartbeat-sounds/set_b/normal__103_1305031931979_B.wav,22050,6.209750566893424,123.046875
113,b,normal,../input/heartbeat-sounds/set_b/normal__103_1305031931979_D1.wav,22050,9.902539682539683,117.45383522727273
114,b,normal,../input/heartbeat-sounds/set_b/normal__103_1305031931979_D2.wav,22050,5.120272108843538,117.45383522727273
115,b,normal,../input/heartbeat-sounds/set_b/normal__103_1305031931979_D3.wav,22050,9.242539682539682,123.046875
116,b,normal,../input/heartbeat-sounds/set_b/normal__106_1306776721273_B1.wav,22050,3.876780045351474,184.5703125
117,b,normal,../input/heartbeat-sounds/set_b/normal__106_1306776721273_C1.wav,22050,3.1907936507936507,184.5703125
118,b,normal,../input/heartbeat-sounds/set_b/normal__106_1306776721273_C2.wav,22050,2.37750566893424,184.5703125
119,b,normal,../input/heartbeat-sounds/set_b/normal__106_1306776721273_D1.wav,22050,2.5182766439909297,151.99908088235293
120,b,normal,../input/heartbeat-sounds/set_b/normal__106_1306776721273_D2.wav,22050,6.229024943310658,123.046875
121,b,normal,../input/heartbeat-sounds/set_b/normal__107_1305654946865_C1.wav,22050,5.805759637188209,123.046875
122,b,normal,../input/heartbeat-sounds/set_b/normal__109_1305653646620_C.wav,22050,7.632789115646259,103.359375
123,b,normal,../input/heartbeat-sounds/set_b/normal__113_1306244002866_D.wav,22050,3.761541950113379,123.046875
124,b,normal,../input/heartbeat-sounds/set_b/normal__115_1306259437619_C.wav,22050,7.726757369614512,129.19921875
125,b,normal,../input/heartbeat-sounds/set_b/normal__117_1306262456650_B.wav,22050,6.644263038548753,103.359375
126,b,normal,../input/heartbeat-sounds/set_b/normal__125_1306332456645_B.wav,22050,2.065532879818594,151.99908088235293
127,b,normal,../input/heartbeat-sounds/set_b/normal__126_1306777102824_B.wav,22050,7.192018140589569,83.35433467741936
128,b,normal,../input/heartbeat-sounds/set_b/normal__126_1306777102824_C.wav,22050,4.154784580498866,89.10290948275862
129,b,normal,../input/heartbeat-sounds/set_b/normal__126_1306777102824_D.wav,22050,8.750793650793652,129.19921875
130,b,normal,../input/heartbeat-sounds/set_b/normal__127_1306764300147_A.wav,22050,9.633015873015873,123.046875
131,b,normal,../input/heartbeat-sounds/set_b/normal__127_1306764300147_B.wav,22050,8.33079365079365,99.38401442307692
132,b,normal,../input/heartbeat-sounds/set_b/normal__127_1306764300147_C1.wav,22050,5.1565079365079365,99.38401442307692
133,b,normal,../input/heartbeat-sounds/set_b/normal__128_1306344005749_B.wav,22050,7.8992743764172335,95.703125
134,b,normal,../input/heartbeat-sounds/set_b/normal__128_1306344005749_D.wav,22050,3.276281179138322,172.265625
135,b,normal,../input/heartbeat-sounds/set_b/normal__128_1306344005749_D1.wav,22050,6.443265306122449,95.703125
136,b,normal,../input/heartbeat-sounds/set_b/normal__129_1306344506305_B1.wav,22050,2.9490249433106577,117.45383522727273
137,b,normal,../input/heartbeat-sounds/set_b/normal__129_1306344506305_D.wav,22050,7.158004535147392,92.28515625
138,b,normal,../input/heartbeat-sounds/set_b/normal__129_1306344506305_D1.wav,22050,3.763265306122449,92.28515625
139,b,normal,../input/heartbeat-sounds/set_b/normal__133_1306759619127_A.wav,22050,2.705034013605442,151.99908088235293
140,b,normal,../input/heartbeat-sounds/set_b/normal__133_1306759619127_B.wav,22050,2.8272562358276643,95.703125
141,b,normal,../input/heartbeat-sounds/set_b/normal__133_1306759619127_D.wav,22050,1.3822675736961452,80.74951171875
142,b,normal,../input/heartbeat-sounds/set_b/normal__134_1306428161797_C.wav,22050,3.4225396825396825,99.38401442307692
143,b,normal,../input/heartbeat-sounds/set_b/normal__134_1306428161797_C2.wav,22050,1.4885260770975057,198.76802884615384
144,b,normal,../input/heartbeat-sounds/set_b/normal__134_1306428161797_D.wav,22050,1.2267573696145124,198.76802884615384
145,b,normal,../input/heartbeat-sounds/set_b/normal__137_1306764999211_C.wav,22050,6.101269841269842,143.5546875
146,b,normal,../input/heartbeat-sounds/set_b/normal__137_1306764999211_D.wav,22050,5.8802721088435375,151.99908088235293
147,b,normal,../input/heartbeat-sounds/set_b/normal__139_1306519274653_A.wav,22050,7.714285714285714,117.45383522727273
148,b,normal,../input/heartbeat-sounds/set_b/normal__140_1306519735121_A.wav,22050,11.250022675736961,117.45383522727273
149,b,normal,../input/heartbeat-sounds/set_b/normal__140_1306519735121_B.wav,22050,9.773015873015874,95.703125
150,b,normal,../input/heartbeat-sounds/set_b/normal__140_1306519735121_D1.wav,22050,4.816780045351474,103.359375
151,b,normal,../input/heartbeat-sounds/set_b/normal__141_1306520154450_B.wav,22050,4.8992743764172335,129.19921875
152,b,normal,../input/heartbeat-sounds/set_b/normal__141_1306520154450_C.wav,22050,3.242766439909297,135.99917763157896
153,b,normal,../input/heartbeat-sounds/set_b/normal__143_1306763822290_B.wav,22050,2.974285714285714,129.19921875
154,b,normal,../input/heartbeat-sounds/set_b/normal__143_1306763822290_C.wav,22050,1.7680272108843538,161.4990234375
155,b,normal,../input/heartbeat-sounds/set_b/normal__145_1307987561278_B.wav,22050,8.104263038548753,143.5546875
156,b,normal,../input/heartbeat-sounds/set_b/normal__145_1307987561278_C.wav,22050,12.102267573696144,143.5546875
157,b,normal,../input/heartbeat-sounds/set_b/normal__146_1306778707532_A.wav,22050,4.73827664399093,117.45383522727273
158,b,normal,../input/heartbeat-sounds/set_b/normal__146_1306778707532_B.wav,22050,9.77578231292517,112.34714673913044
159,b,normal,../input/heartbeat-sounds/set_b/normal__146_1306778707532_D1.wav,22050,14.68,123.046875
160,b,normal,../input/heartbeat-sounds/set_b/normal__146_1306778707532_D2.wav,22050,9.207256235827664,117.45383522727273
161,b,normal,../input/heartbeat-sounds/set_b/normal__146_1306778707532_D3.wav,22050,1.5630385487528344,117.45383522727273
162,b,normal,../input/heartbeat-sounds/set_b/normal__146_1306778707532_D4.wav,22050,5.233015873015873,117.45383522727273
163,b,normal,../input/heartbeat-sounds/set_b/normal__147_1306523973811_A.wav,22050,2.9332879818594106,135.99917763157896
164,b,normal,../input/heartbeat-sounds/set_b/normal__147_1306523973811_C.wav,22050,1.5550113378684807,123.046875
165,b,normal,../input/heartbeat-sounds/set_b/normal__148_1306768801551_C1.wav,22050,3.410793650793651,107.666015625
166,b,normal,../input/heartbeat-sounds/set_b/normal__148_1306768801551_D2.wav,22050,4.222539682539683,117.45383522727273
167,b,normal,../input/heartbeat-sounds/set_b/normal__149_1306776016110_B.wav,22050,4.701269841269841,86.1328125
168,b,normal,../input/heartbeat-sounds/set_b/normal__149_1306776016110_C1.wav,22050,9.159773242630385,123.046875
169,b,normal,../input/heartbeat-sounds/set_b/normal__150_1306776340746_B.wav,22050,9.801043083900227,123.046875
170,b,normal,../input/heartbeat-sounds/set_b/normal__150_1306776340746_C.wav,22050,12.358004535147392,184.5703125
171,b,normal,../input/heartbeat-sounds/set_b/normal__151_1306779785624_A.wav,22050,5.642539682539683,107.666015625
172,b,normal,../input/heartbeat-sounds/set_b/normal__151_1306779785624_D.wav,22050,2.9940136054421767,129.19921875
173,b,normal,../input/heartbeat-sounds/set_b/normal__152_1306779561195_B1.wav,22050,4.171292517006803,92.28515625
174,b,normal,../input/heartbeat-sounds/set_b/normal__152_1306779561195_C1.wav,22050,1.4500226757369614,89.10290948275862
175,b,normal,../input/heartbeat-sounds/set_b/normal__152_1306779561195_D.wav,22050,8.401541950113378,92.28515625
176,b,normal,../input/heartbeat-sounds/set_b/normal__153_1306848820671_A.wav,22050,3.421043083900227,112.34714673913044
177,b,normal,../input/heartbeat-sounds/set_b/normal__153_1306848820671_B.wav,22050,4.816507936507937,112.34714673913044
178,b,normal,../input/heartbeat-sounds/set_b/normal__153_1306848820671_B1.wav,22050,5.025532879818594,112.34714673913044
179,b,normal,../input/heartbeat-sounds/set_b/normal__153_1306848820671_D1.wav,22050,2.3527891156462584,112.34714673913044
180,b,normal,../input/heartbeat-sounds/set_b/normal__154_1306935608852_A1.wav,22050,2.003764172335601,112.34714673913044
181,b,normal,../input/heartbeat-sounds/set_b/normal__154_1306935608852_B.wav,22050,4.161541950113379,107.666015625
182,b,normal,../input/heartbeat-sounds/set_b/normal__154_1306935608852_B1.wav,22050,2.5852607709750566,107.666015625
183,b,normal,../input/heartbeat-sounds/set_b/normal__154_1306935608852_D.wav,22050,1.7505215419501134,103.359375
184,b,normal,../input/heartbeat-sounds/set_b/normal__155_1306935902813_B1.wav,22050,2.578004535147392,129.19921875
185,b,normal,../input/heartbeat-sounds/set_b/normal__158_1306947254705_B2.wav,22050,1.61578231292517,86.1328125
186,b,normal,../input/heartbeat-sounds/set_b/normal__159_1307018640315_A.wav,22050,2.6575056689342405,103.359375
187,b,normal,../input/heartbeat-sounds/set_b/normal__159_1307018640315_B1.wav,22050,3.822766439909297,89.10290948275862
188,b,normal,../input/heartbeat-sounds/set_b/normal__159_1307018640315_B2.wav,22050,1.8580045351473924,89.10290948275862
189,b,normal,../input/heartbeat-sounds/set_b/normal__159_1307018640315_C1.wav,22050,3.688253968253968,92.28515625
190,b,normal,../input/heartbeat-sounds/set_b/normal__167_1307111318050_A.wav,22050,10.686757369614513,123.046875
191,b,normal,../input/heartbeat-sounds/set_b/normal__167_1307111318050_C.wav,22050,1.9792743764172336,117.45383522727273
192,b,normal,../input/heartbeat-sounds/set_b/normal__168_1307970069434_A.wav,22050,5.9412698412698415,117.45383522727273
193,b,normal,../input/heartbeat-sounds/set_b/normal__168_1307970069434_A2.wav,22050,6.626757369614513,123.046875
194,b,normal,../input/heartbeat-sounds/set_b/normal__169_1307970398039_C.wav,22050,3.069750566893424,99.38401442307692
195,b,normal,../input/heartbeat-sounds/set_b/normal__170_1307970562729_A.wav,22050,4.630521541950113,117.45383522727273
196,b,normal,../input/heartbeat-sounds/set_b/normal__170_1307970562729_B.wav,22050,7.627755102040816,112.34714673913044
197,b,normal,../input/heartbeat-sounds/set_b/normal__170_1307970562729_C.wav,22050,7.361541950113379,117.45383522727273
198,b,normal,../input/heartbeat-sounds/set_b/normal__172_1307971284351_B.wav,22050,4.441768707482993,95.703125
199,b,normal,../input/heartbeat-sounds/set_b/normal__172_1307971284351_B1.wav,22050,2.493015873015873,135.99917763157896
200,b,normal,../input/heartbeat-sounds/set_b/normal__173_1307973611151_B.wav,22050,2.899501133786848,107.666015625
201,b,normal,../input/heartbeat-sounds/set_b/normal__173_1307973611151_C.wav,22050,3.0705215419501135,107.666015625
202,b,normal,../input/heartbeat-sounds/set_b/normal__174_1307987737137_B.wav,22050,2.7467573696145124,135.99917763157896
203,b,normal,../input/heartbeat-sounds/set_b/normal__174_1307987737137_B1.wav,22050,2.0820408163265305,86.1328125
204,b,normal,../input/heartbeat-sounds/set_b/normal__175_1307987962616_B.wav,22050,2.2177777777777776,151.99908088235293
205,b,normal,../input/heartbeat-sounds/set_b/normal__175_1307987962616_B1.wav,22050,1.7285260770975057,143.5546875
206,b,normal,../input/heartbeat-sounds/set_b/normal__175_1307987962616_D.wav,22050,4.77750566893424,161.4990234375
207,b,normal,../input/heartbeat-sounds/set_b/normal__176_1307988171173_A.wav,22050,3.0005442176870747,112.34714673913044
208,b,normal,../input/heartbeat-sounds/set_b/normal__176_1307988171173_B.wav,22050,3.213514739229025,112.34714673913044
209,b,normal,../input/heartbeat-sounds/set_b/normal__176_1307988171173_B1.wav,22050,1.4737868480725624,123.046875
210,b,normal,../input/heartbeat-sounds/set_b/normal__177_1307989650056_A1.wav,22050,2.464263038548753,135.99917763157896
211,b,normal,../input/heartbeat-sounds/set_b/normal__177_1307989650056_B.wav,22050,4.434784580498866,107.666015625
212,b,normal,../input/heartbeat-sounds/set_b/normal__177_1307989650056_D.wav,22050,2.049750566893424,129.19921875
213,b,normal,../input/heartbeat-sounds/set_b/normal__177_1307989650056_D1.wav,22050,2.683265306122449,123.046875
214,b,normal,../input/heartbeat-sounds/set_b/normal__178_1307989887769_B.wav,22050,4.65328798185941,92.28515625
215,b,normal,../input/heartbeat-sounds/set_b/normal__178_1307989887769_D.wav,22050,11.596507936507937,95.703125
216,b,normal,../input/heartbeat-sounds/set_b/normal__179_1307990076841_B.wav,22050,10.574512471655328,103.359375
217,b,normal,../input/heartbeat-sounds/set_b/normal__179_1307990076841_D.wav,22050,3.689251700680272,95.703125
218,b,normal,../input/heartbeat-sounds/set_b/normal__180_1307990956284_A.wav,22050,3.093514739229025,143.5546875
219,b,normal,../input/heartbeat-sounds/set_b/normal__180_1307990956284_C.wav,22050,5.36702947845805,123.046875
220,b,normal,../input/heartbeat-sounds/set_b/normal__181_1308052613891_B.wav,22050,3.7257596371882085,123.046875
221,b,normal,../input/heartbeat-sounds/set_b/normal__181_1308052613891_D.wav,22050,2.278503401360544,112.34714673913044
222,b,normal,../input/heartbeat-sounds/set_b/normal__183_1308072703477_B.wav,22050,4.3120181405895694,129.19921875
223,b,normal,../input/heartbeat-sounds/set_b/normal__183_1308072703477_C.wav,22050,4.085034013605442,172.265625
224,b,normal,../input/heartbeat-sounds/set_b/normal__184_1308073010307_B.wav,22050,13.125532879818595,112.34714673913044
225,b,normal,../input/heartbeat-sounds/set_b/normal__184_1308073010307_D.wav,22050,14.672517006802721,107.666015625
226,b,normal,../input/heartbeat-sounds/set_b/normal__186_1308073648738_C1.wav,22050,2.5127891156462585,135.99917763157896
227,b,normal,../input/heartbeat-sounds/set_b/normal__186_1308073648738_D.wav,22050,3.2802721088435374,123.046875
228,b,normal,../input/heartbeat-sounds/set_b/normal__188_1308074301731_C.wav,22050,7.717006802721088,99.38401442307692
229,b,normal,../input/heartbeat-sounds/set_b/normal__188_1308074301731_D.wav,22050,2.562267573696145,95.703125
230,b,normal,../input/heartbeat-sounds/set_b/normal__190_1308076920011_C1.wav,22050,1.4230385487528345,99.38401442307692
231,b,normal,../input/heartbeat-sounds/set_b/normal__190_1308076920011_D.wav,22050,2.3532879818594106,92.28515625
232,b,normal,../input/heartbeat-sounds/set_b/normal__191_1308077299430_B.wav,22050,11.825034013605443,99.38401442307692
233,b,normal,../input/heartbeat-sounds/set_b/normal__194_1308139824187_A.wav,22050,7.673015873015873,103.359375
234,b,normal,../input/heartbeat-sounds/set_b/normal__194_1308139824187_A1.wav,22050,4.294013605442177,103.359375
235,b,normal,../input/heartbeat-sounds/set_b/normal__198_1308141739338_C.wav,22050,8.731519274376417,86.1328125
236,b,normal,../input/heartbeat-sounds/set_b/normal__201_1308144942432_A.wav,22050,1.6407709750566895,117.45383522727273
237,b,normal,../input/heartbeat-sounds/set_b/normal__201_1308144942432_A1.wav,22050,4.516009070294785,117.45383522727273
238,b,normal,../input/heartbeat-sounds/set_b/normal__202_1308145175747_C.wav,22050,5.023537414965986,129.19921875
239,b,normal,../input/heartbeat-sounds/set_b/normal__202_1308145175747_D.wav,22050,2.369750566893424,83.35433467741936
240,b,normal,../input/heartbeat-sounds/set_b/normal__204_1308159229275_C.wav,22050,4.702267573696145,107.666015625
241,b,normal,../input/heartbeat-sounds/set_b/normal__204_1308159229275_D.wav,22050,4.232517006802721,129.19921875
242,b,normal,../input/heartbeat-sounds/set_b/normal__206_1308159601959_C.wav,22050,3.46,123.046875
243,b,normal,../input/heartbeat-sounds/set_b/normal__207_1308159792607_C.wav,22050,6.991519274376417,135.99917763157896
244,b,normal,../input/heartbeat-sounds/set_b/normal__208_1308159994503_C.wav,22050,2.0630385487528344,143.5546875
245,b,normal,../input/heartbeat-sounds/set_b/normal__209_1308162216750_A.wav,22050,2.9470294784580497,135.99917763157896
246,b,normal,../input/heartbeat-sounds/set_b/normal__209_1308162216750_A1.wav,22050,1.8077551020408162,135.99917763157896
247,b,normal,../input/heartbeat-sounds/set_b/normal__210_1308162935880_B.wav,22050,1.6605442176870748,123.046875
248,b,normal,../input/heartbeat-sounds/set_b/normal__210_1308162935880_B1.wav,22050,1.4592743764172336,129.19921875
249,b,normal,../input/heartbeat-sounds/set_b/normal__210_1308162935880_D1.wav,22050,1.3687528344671203,117.45383522727273
250,b,normal,../input/heartbeat-sounds/set_b/normal__210_1308162935880_D2.wav,22050,1.2332879818594105,123.046875
251,b,normal,../input/heartbeat-sounds/set_b/normal__213_1308245263936_C.wav,22050,4.631292517006803,198.76802884615384
252,b,normal,../input/heartbeat-sounds/set_b/normal__214_1308245489717_A.wav,22050,1.5070294784580498,161.4990234375
253,b,normal,../input/heartbeat-sounds/set_b/normal__215_1308245664733_C.wav,22050,2.9760090702947846,89.10290948275862
254,b,normal,../input/heartbeat-sounds/set_b/normal__215_1308245664733_C1.wav,22050,1.8680272108843536,129.19921875
255,b,normal,../input/heartbeat-sounds/set_b/normal__216_1308245839516_C.wav,22050,3.1342857142857143,107.666015625
256,b,normal,../input/heartbeat-sounds/set_b/normal__217_1308246111629_C.wav,22050,4.580770975056689,89.10290948275862
257,b,normal,../input/heartbeat-sounds/set_b/normal__217_1308246111629_C1.wav,22050,3.205034013605442,95.703125
258,b,normal,../input/heartbeat-sounds/set_b/normal__218_1308246311449_C.wav,22050,1.9352834467120181,92.28515625
259,b,normal,../input/heartbeat-sounds/set_b/normal__218_1308246311449_C1.wav,22050,3.507755102040816,103.359375
260,b,normal,../input/heartbeat-sounds/set_b/normal__220_1308250132896_C.wav,22050,4.647528344671202,99.38401442307692
261,b,normal,../input/heartbeat-sounds/set_b/normal__220_1308250132896_D.wav,22050,2.3512925170068026,107.666015625
262,b,normal,../input/heartbeat-sounds/set_b/normal__224_1308337157445_C.wav,22050,10.632789115646258,103.359375
263,b,normal,../input/heartbeat-sounds/set_b/normal__227_1308594233667_B.wav,22050,2.0420408163265305,99.38401442307692
264,b,normal,../input/heartbeat-sounds/set_b/normal__227_1308594233667_C.wav,22050,2.6635374149659863,86.1328125
265,b,normal,../input/heartbeat-sounds/set_b/normal__230_1308595300880_B.wav,22050,1.6242630385487529,107.666015625
266,b,normal,../input/heartbeat-sounds/set_b/normal__230_1308595300880_C.wav,22050,2.3295238095238093,103.359375
267,b,normal,../input/heartbeat-sounds/set_b/normal__232_1308748524018_A.wav,22050,1.3290249433106576,112.34714673913044
268,b,normal,../input/heartbeat-sounds/set_b/normal__232_1308748524018_B.wav,22050,1.8410430839002268,112.34714673913044
269,b,normal,../input/heartbeat-sounds/set_b/normal__232_1308748524018_B1.wav,22050,1.4080272108843537,112.34714673913044
270,b,normal,../input/heartbeat-sounds/set_b/normal__232_1308748524018_C.wav,22050,1.7017687074829932,112.34714673913044
271,b,normal,../input/heartbeat-sounds/set_b/normal__232_1308748524018_D1.wav,22050,1.6810430839002268,107.666015625
272,b,normal,../input/heartbeat-sounds/set_b/normal__235_1308749032454_C.wav,22050,1.2062585034013606,129.19921875
273,b,normal,../input/heartbeat-sounds/set_b/normal__235_1308749032454_D.wav,22050,5.422267573696145,123.046875
274,b,normal,../input/heartbeat-sounds/set_b/normal__237_1308750231222_C.wav,22050,1.4377777777777778,107.666015625
275,b,normal,../input/heartbeat-sounds/set_b/normal__238_1309194586293_A.wav,22050,1.1727891156462584,95.703125
276,b,normal,../input/heartbeat-sounds/set_b/normal__238_1309194586293_B.wav,22050,1.1765079365079365,103.359375
277,b,normal,../input/heartbeat-sounds/set_b/normal__250_1309202496494_A.wav,22050,1.7242630385487527,107.666015625
278,b,normal,../input/heartbeat-sounds/set_b/normal__250_1309202496494_B.wav,22050,3.0885260770975056,107.666015625
279,b,normal,../input/heartbeat-sounds/set_b/normal__252_1309203336604_B.wav,22050,1.892018140589569,143.5546875
280,b,normal,../input/heartbeat-sounds/set_b/normal__256_1309351470137_A.wav,22050,2.634512471655329,135.99917763157896
281,b,normal,../input/heartbeat-sounds/set_b/normal__258_1309352253234_C.wav,22050,3.055510204081633,123.046875
282,b,normal,../input/heartbeat-sounds/set_b/normal__260_1309353164458_C.wav,22050,5.1525170068027215,92.28515625
283,b,normal,../input/heartbeat-sounds/set_b/normal__261_1309353556003_B.wav,22050,2.9772789115646257,107.666015625
284,b,normal,../input/heartbeat-sounds/set_b/normal__262_1309355283807_A.wav,22050,3.1630385487528345,117.45383522727273
285,b,normal,../input/heartbeat-sounds/set_b/normal__267_1309368735165_A.wav,22050,1.929750566893424,112.34714673913044
286,b,normal,../input/heartbeat-sounds/set_b/normal__270_1309369533040_C.wav,22050,3.1677551020408163,129.19921875
287,b,normal,../input/heartbeat-sounds/set_b/normal__273_1309370841191_B.wav,22050,3.165532879818594,117.45383522727273
288,b,normal,../input/heartbeat-sounds/set_b/normal__274_1311075637574_A1.wav,22050,3.376281179138322,129.19921875
289,b,normal,../input/heartbeat-sounds/set_b/normal__274_1311075637574_B.wav,22050,2.0792743764172337,92.28515625
290,b,normal,../input/heartbeat-sounds/set_b/normal__274_1311075637574_B1.wav,22050,1.9485260770975057,89.10290948275862
291,b,normal,../input/heartbeat-sounds/set_b/normal__274_1311075637574_D.wav,22050,1.969750566893424,95.703125
292,b,normal,../input/heartbeat-sounds/set_b/normal__278_1311163365896_A.wav,22050,3.442040816326531,143.5546875
293,b,normal,../input/heartbeat-sounds/set_b/normal__278_1311163365896_A1.wav,22050,2.7285260770975057,123.046875
294,b,normal,../input/heartbeat-sounds/set_b/normal__280_1311165195344_A.wav,22050,3.2677551020408164,95.703125
295,b,normal,../input/heartbeat-sounds/set_b/normal__282_1311166081161_C.wav,22050,1.6590022675736962,92.28515625
296,b,normal,../input/heartbeat-sounds/set_b/normal__283_1311167409239_A.wav,22050,1.3482539682539683,161.4990234375
297,b,normal,../input/heartbeat-sounds/set_b/normal__286_1311170606028_A.wav,22050,1.5475283446712018,117.45383522727273
298,b,normal,../input/heartbeat-sounds/set_b/normal__286_1311170606028_A1.wav,22050,1.0392743764172336,117.45383522727273
299,b,normal,../input/heartbeat-sounds/set_b/normal__286_1311170606028_B1.wav,22050,2.3052607709750568,117.45383522727273
300,b,normal,../input/heartbeat-sounds/set_b/normal__286_1311170606028_C.wav,22050,8.386757369614513,117.45383522727273
301,b,normal,../input/heartbeat-sounds/set_b/normal__290_1311182875320_A.wav,22050,3.36875283446712,143.5546875
302,b,normal,../input/heartbeat-sounds/set_b/normal__291_1311185210672_A.wav,22050,2.581269841269841,135.99917763157896
303,b,normal,../input/heartbeat-sounds/set_b/normal__294_1311681084248_A.wav,22050,10.252290249433107,123.046875
304,b,normal,../input/heartbeat-sounds/set_b/normal__294_1311681084248_B.wav,22050,4.742539682539682,129.19921875
305,b,normal,../input/heartbeat-sounds/set_b/normal__294_1311681084248_D1.wav,22050,8.941541950113379,129.19921875
306,b,normal,../input/heartbeat-sounds/set_b/normal__295_1311682673157_D.wav,22050,1.4880272108843537,112.34714673913044
307,b,normal,../input/heartbeat-sounds/set_b/normal__296_1311682952647_A1.wav,22050,0.763265306122449,151.99908088235293
308,b,normal,../input/heartbeat-sounds/set_b/normal__296_1311682952647_A2.wav,22050,1.2360090702947846,117.45383522727273
309,b,normal,../input/heartbeat-sounds/set_b/normal__298_1311685888900_B.wav,22050,6.890022675736962,184.5703125
310,b,normal,../input/heartbeat-sounds/set_b/normal__299_1311770522820_C.wav,22050,5.0810430839002265,103.359375
311,b,normal,../input/heartbeat-sounds/set_b/normal__300_1311772096120_C1.wav,22050,5.411020408163266,135.99917763157896
507,b,murmur,../input/heartbeat-sounds/set_b/murmur_noisymurmur_135_1306428972976_A.wav,22050,9.014013605442177,107.666015625
508,b,murmur,../input/heartbeat-sounds/set_b/murmur_noisymurmur_135_1306428972976_B.wav,22050,9.151292517006803,107.666015625
509,b,murmur,../input/heartbeat-sounds/set_b/murmur_noisymurmur_135_1306428972976_C.wav,22050,11.903537414965987,161.4990234375
510,b,murmur,../input/heartbeat-sounds/set_b/murmur_noisymurmur_156_1306936373241_A.wav,22050,5.142766439909297,123.046875
511,b,murmur,../input/heartbeat-sounds/set_b/murmur_noisymurmur_156_1306936373241_B1.wav,22050,6.363764172335601,103.359375
512,b,murmur,../input/heartbeat-sounds/set_b/murmur_noisymurmur_160_1307100683334_D.wav,22050,7.159274376417233,112.34714673913044
513,b,murmur,../input/heartbeat-sounds/set_b/murmur_noisymurmur_161_1307101199321_B.wav,22050,11.335283446712019,103.359375
514,b,murmur,../input/heartbeat-sounds/set_b/murmur_noisymurmur_161_1307101199321_C.wav,22050,12.358004535147392,129.19921875
515,b,murmur,../input/heartbeat-sounds/set_b/murmur_noisymurmur_162_1307101835989_B_1.wav,22050,8.505532879818594,151.99908088235293
516,b,murmur,../input/heartbeat-sounds/set_b/murmur_noisymurmur_162_1307101835989_D.wav,22050,7.8835374149659865,112.34714673913044
517,b,murmur,../input/heartbeat-sounds/set_b/murmur_noisymurmur_164_1307106095995_C1.wav,22050,3.932018140589569,123.046875
518,b,murmur,../input/heartbeat-sounds/set_b/murmur_noisymurmur_165_1307109069581_A.wav,22050,11.292789115646258,123.046875
519,b,murmur,../input/heartbeat-sounds/set_b/murmur_noisymurmur_165_1307109069581_C1.wav,22050,3.574784580498866,112.34714673913044
520,b,murmur,../input/heartbeat-sounds/set_b/murmur_noisymurmur_165_1307109069581_D.wav,22050,10.376507936507936,143.5546875
521,b,murmur,../input/heartbeat-sounds/set_b/murmur_noisymurmur_171_1307971016233_D.wav,22050,1.3405442176870748,129.19921875
522,b,murmur,../input/heartbeat-sounds/set_b/murmur_noisymurmur_171_1307971016233_F.wav,22050,2.699002267573696,129.19921875
523,b,murmur,../input/heartbeat-sounds/set_b/murmur_noisymurmur_185_1308073325396_D.wav,22050,6.349523809523809,135.99917763157896
524,b,murmur,../input/heartbeat-sounds/set_b/murmur_noisymurmur_200_1308144251434_D.wav,22050,7.531791383219955,95.703125
525,b,murmur,../input/heartbeat-sounds/set_b/murmur_noisymurmur_231_1308748318393_A.wav,22050,3.2620408163265306,123.046875
526,b,murmur,../input/heartbeat-sounds/set_b/murmur_noisymurmur_240_1309201366049_C.wav,22050,9.770793650793651,123.046875
527,b,murmur,../input/heartbeat-sounds/set_b/murmur_noisymurmur_240_1309201366049_D.wav,22050,16.926757369614513,103.359375
528,b,murmur,../input/heartbeat-sounds/set_b/murmur_noisymurmur_243_1309197760898_B.wav,22050,12.936009070294785,143.5546875
529,b,murmur,../input/heartbeat-sounds/set_b/murmur_noisymurmur_243_1309197760898_C.wav,22050,8.876281179138322,143.5546875
530,b,murmur,../input/heartbeat-sounds/set_b/murmur_noisymurmur_272_1309370164386_C.wav,22050,3.3980045351473924,135.99917763157896
531,b,murmur,../input/heartbeat-sounds/set_b/murmur_noisymurmur_288_1311164615284_B1.wav,22050,7.692517006802721,92.28515625
532,b,murmur,../input/heartbeat-sounds/set_b/murmur_noisymurmur_288_1311164615284_C.wav,22050,12.110022675736962,92.28515625
533,b,murmur,../input/heartbeat-sounds/set_b/murmur_noisymurmur_292_1311185449649_D.wav,22050,2.906031746031746,135.99917763157896
534,b,murmur,../input/heartbeat-sounds/set_b/murmur_noisymurmur_293_1311680805936_C.wav,22050,10.390022675736962,89.10290948275862
535,b,murmur,../input/heartbeat-sounds/set_b/murmur_noisymurmur_293_1311680805936_D.wav,22050,11.834784580498866,86.1328125
536,b,normal,../input/heartbeat-sounds/set_b/normal_noisynormal_101_1305030823364_B.wav,22050,8.807256235827664,117.45383522727273
537,b,normal,../input/heartbeat-sounds/set_b/normal_noisynormal_101_1305030823364_E.wav,22050,4.680544217687075,135.99917763157896
538,b,normal,../input/heartbeat-sounds/set_b/normal_noisynormal_104_1305032492469_A.wav,22050,10.665260770975056,117.45383522727273
539,b,normal,../input/heartbeat-sounds/set_b/normal_noisynormal_105_1305033453095_A.wav,22050,10.390022675736962,129.19921875
540,b,normal,../input/heartbeat-sounds/set_b/normal_noisynormal_105_1305033453095_C.wav,22050,8.876281179138322,103.359375
541,b,normal,../input/heartbeat-sounds/set_b/normal_noisynormal_106_1306776721273_A.wav,22050,8.996507936507937,112.34714673913044
542,b,normal,../input/heartbeat-sounds/set_b/normal_noisynormal_107_1305654946865_A.wav,22050,6.536780045351474,103.359375
543,b,normal,../input/heartbeat-sounds/set_b/normal_noisynormal_108_1305654420093_A.wav,22050,8.601043083900226,135.99917763157896
544,b,normal,../input/heartbeat-sounds/set_b/normal_noisynormal_108_1305654420093_B.wav,22050,18.096281179138323,89.10290948275862
545,b,normal,../input/heartbeat-sounds/set_b/normal_noisynormal_109_1305653646620_A.wav,22050,12.522766439909297,117.45383522727273
546,b,normal,../input/heartbeat-sounds/set_b/normal_noisynormal_109_1305653972028_A.wav,22050,4.541269841269841,129.19921875
547,b,normal,../input/heartbeat-sounds/set_b/normal_noisynormal_109_1305653972028_C.wav,22050,5.642267573696145,107.666015625
548,b,normal,../input/heartbeat-sounds/set_b/normal_noisynormal_109_1305653972028_E.wav,22050,7.912789115646259,135.99917763157896
549,b,normal,../input/heartbeat-sounds/set_b/normal_noisynormal_109_1305653972028_F.wav,22050,10.252290249433107,129.19921875
550,b,normal,../input/heartbeat-sounds/set_b/normal_noisynormal_110_1305655332337_A.wav,22050,9.013786848072563,135.99917763157896
551,b,normal,../input/heartbeat-sounds/set_b/normal_noisynormal_110_1305655332337_B.wav,22050,8.53201814058957,99.38401442307692
552,b,normal,../input/heartbeat-sounds/set_b/normal_noisynormal_113_1306244002866_A.wav,22050,7.438775510204081,112.34714673913044
553,b,normal,../input/heartbeat-sounds/set_b/normal_noisynormal_113_1306244002866_B.wav,22050,8.394512471655329,117.45383522727273
554,b,normal,../input/heartbeat-sounds/set_b/normal_noisynormal_115_1306259437619_A1.wav,22050,6.481768707482993,129.19921875
555,b,normal,../input/heartbeat-sounds/set_b/normal_noisynormal_115_1306259437619_B.wav,22050,9.082766439909298,89.10290948275862
556,b,normal,../input/heartbeat-sounds/set_b/normal_noisynormal_117_1306262456650_A.wav,22050,15.30952380952381,107.666015625
557,b,normal,../input/heartbeat-sounds/set_b/normal_noisynormal_117_1306262456650_C.wav,22050,10.390022675736962,99.38401442307692
558,b,normal,../input/heartbeat-sounds/set_b/normal_noisynormal_117_1306262456650_D.wav,22050,10.613514739229025,129.19921875
559,b,normal,../input/heartbeat-sounds/set_b/normal_noisynormal_118_1306262335509_B.wav,22050,8.53201814058957,117.45383522727273
560,b,normal,../input/heartbeat-sounds/set_b/normal_noisynormal_118_1306262335509_C1.wav,22050,4.5062585034013605,99.38401442307692
561,b,normal,../input/heartbeat-sounds/set_b/normal_noisynormal_118_1306262335509_D.wav,22050,14.002267573696145,103.359375
562,b,normal,../input/heartbeat-sounds/set_b/normal_noisynormal_121_1306263877235_A.wav,22050,14.24326530612245,123.046875
563,b,normal,../input/heartbeat-sounds/set_b/normal_noisynormal_121_1306263877235_C.wav,22050,11.9037641723356,117.45383522727273
564,b,normal,../input/heartbeat-sounds/set_b/normal_noisynormal_121_1306263877235_D.wav,22050,9.633015873015873,117.45383522727273
565,b,normal,../input/heartbeat-sounds/set_b/normal_noisynormal_123_1306331925797_B.wav,22050,13.279773242630386,151.99908088235293
566,b,normal,../input/heartbeat-sounds/set_b/normal_noisynormal_123_1306331925797_C.wav,22050,8.256780045351475,151.99908088235293
567,b,normal,../input/heartbeat-sounds/set_b/normal_noisynormal_125_1306332456645_A1.wav,22050,2.804036281179138,151.99908088235293
568,b,normal,../input/heartbeat-sounds/set_b/normal_noisynormal_125_1306332456645_A2.wav,22050,5.8835374149659865,143.5546875
569,b,normal,../input/heartbeat-sounds/set_b/normal_noisynormal_125_1306332456645_B1.wav,22050,6.875510204081633,117.45383522727273
570,b,normal,../input/heartbeat-sounds/set_b/normal_noisynormal_125_1306332456645_C.wav,22050,11.21578231292517,103.359375
571,b,normal,../input/heartbeat-sounds/set_b/normal_noisynormal_125_1306332456645_D.wav,22050,4.369251700680272,103.359375
572,b,normal,../input/heartbeat-sounds/set_b/normal_noisynormal_127_1306764300147_D1.wav,22050,10.94204081632653,103.359375
573,b,normal,../input/heartbeat-sounds/set_b/normal_noisynormal_129_1306344506305_A.wav,22050,8.516780045351474,99.38401442307692
574,b,normal,../input/heartbeat-sounds/set_b/normal_noisynormal_129_1306344506305_C.wav,22050,9.70204081632653,151.99908088235293
575,b,normal,../input/heartbeat-sounds/set_b/normal_noisynormal_130_1306347376079_B.wav,22050,10.045759637188208,117.45383522727273
576,b,normal,../input/heartbeat-sounds/set_b/normal_noisynormal_130_1306347376079_C.wav,22050,13.624036281179139,112.34714673913044
577,b,normal,../input/heartbeat-sounds/set_b/normal_noisynormal_132_1306758754432_B1.wav,22050,5.100272108843537,112.34714673913044
578,b,normal,../input/heartbeat-sounds/set_b/normal_noisynormal_132_1306758754432_C.wav,22050,7.88,86.1328125
579,b,normal,../input/heartbeat-sounds/set_b/normal_noisynormal_133_1306759619127_A1.wav,22050,9.314784580498866,135.99917763157896
580,b,normal,../input/heartbeat-sounds/set_b/normal_noisynormal_133_1306759619127_B1.wav,22050,5.546757369614513,89.10290948275862
581,b,normal,../input/heartbeat-sounds/set_b/normal_noisynormal_133_1306759619127_C.wav,22050,10.940272108843537,99.38401442307692
582,b,normal,../input/heartbeat-sounds/set_b/normal_noisynormal_133_1306759619127_D1.wav,22050,3.3500226757369616,151.99908088235293
583,b,normal,../input/heartbeat-sounds/set_b/normal_noisynormal_134_1306428161797_B1.wav,22050,6.333514739229025,99.38401442307692
584,b,normal,../input/heartbeat-sounds/set_b/normal_noisynormal_134_1306428161797_D1.wav,22050,7.20453514739229,112.34714673913044
585,b,normal,../input/heartbeat-sounds/set_b/normal_noisynormal_136_1306429977501_B.wav,22050,5.7102947845804986,129.19921875
586,b,normal,../input/heartbeat-sounds/set_b/normal_noisynormal_136_1306429977501_C.wav,22050,5.120272108843538,129.19921875
587,b,normal,../input/heartbeat-sounds/set_b/normal_noisynormal_136_1306429977501_D1.wav,22050,15.51827664399093,135.99917763157896
588,b,normal,../input/heartbeat-sounds/set_b/normal_noisynormal_137_1306764999211_A1.wav,22050,3.9035374149659865,107.666015625
589,b,normal,../input/heartbeat-sounds/set_b/normal_noisynormal_137_1306764999211_A2.wav,22050,3.525532879818594,99.38401442307692
590,b,normal,../input/heartbeat-sounds/set_b/normal_noisynormal_137_1306764999211_B.wav,22050,1.633514739229025,143.5546875
591,b,normal,../input/heartbeat-sounds/set_b/normal_noisynormal_137_1306764999211_C1.wav,22050,1.8220408163265307,143.5546875
592,b,normal,../input/heartbeat-sounds/set_b/normal_noisynormal_137_1306764999211_D1.wav,22050,9.857777777777779,151.99908088235293
593,b,normal,../input/heartbeat-sounds/set_b/normal_noisynormal_138_1306762146980_A.wav,22050,12.571020408163266,129.19921875
594,b,normal,../input/heartbeat-sounds/set_b/normal_noisynormal_138_1306762146980_D.wav,22050,5.7102947845804986,129.19921875
595,b,normal,../input/heartbeat-sounds/set_b/normal_noisynormal_139_1306519274653_D.wav,22050,15.319501133786847,117.45383522727273
596,b,normal,../input/heartbeat-sounds/set_b/normal_noisynormal_140_1306519735121_C.wav,22050,10.909024943310657,103.359375
597,b,normal,../input/heartbeat-sounds/set_b/normal_noisynormal_141_1306520154450_A1.wav,22050,5.500272108843538,117.45383522727273
598,b,normal,../input/heartbeat-sounds/set_b/normal_noisynormal_141_1306520154450_B1.wav,22050,3.0052607709750565,129.19921875
599,b,normal,../input/heartbeat-sounds/set_b/normal_noisynormal_141_1306520154450_C1.wav,22050,5.08952380952381,123.046875
600,b,normal,../input/heartbeat-sounds/set_b/normal_noisynormal_142_1306763049574_A.wav,22050,15.127755102040817,135.99917763157896
601,b,normal,../input/heartbeat-sounds/set_b/normal_noisynormal_142_1306763049574_B.wav,22050,11.591020408163265,143.5546875
602,b,normal,../input/heartbeat-sounds/set_b/normal_noisynormal_142_1306763049574_D.wav,22050,4.304036281179139,129.19921875
603,b,normal,../input/heartbeat-sounds/set_b/normal_noisynormal_143_1306763822290_A.wav,22050,13.039773242630385,123.046875
604,b,normal,../input/heartbeat-sounds/set_b/normal_noisynormal_144_1306522408528_A1.wav,22050,4.341043083900227,135.99917763157896
605,b,normal,../input/heartbeat-sounds/set_b/normal_noisynormal_144_1306522408528_C.wav,22050,9.886258503401361,95.703125
606,b,normal,../input/heartbeat-sounds/set_b/normal_noisynormal_146_1306778707532_D.wav,22050,21.97002267573696,107.666015625
607,b,normal,../input/heartbeat-sounds/set_b/normal_noisynormal_147_1306523973811_B.wav,22050,12.997278911564626,123.046875
608,b,normal,../input/heartbeat-sounds/set_b/normal_noisynormal_149_1306776016110_A.wav,22050,18.238775510204082,107.666015625
609,b,normal,../input/heartbeat-sounds/set_b/normal_noisynormal_150_1306776340746_A.wav,22050,9.8437641723356,112.34714673913044
610,b,normal,../input/heartbeat-sounds/set_b/normal_noisynormal_151_1306779785624_C.wav,22050,14.914784580498866,112.34714673913044
611,b,normal,../input/heartbeat-sounds/set_b/normal_noisynormal_154_1306935608852_C.wav,22050,4.648253968253968,112.34714673913044
612,b,normal,../input/heartbeat-sounds/set_b/normal_noisynormal_155_1306935902813_A.wav,22050,13.167528344671203,143.5546875
613,b,normal,../input/heartbeat-sounds/set_b/normal_noisynormal_155_1306935902813_C.wav,22050,8.011292517006803,103.359375
614,b,normal,../input/heartbeat-sounds/set_b/normal_noisynormal_157_1306937583792_A.wav,22050,10.525759637188209,117.45383522727273
615,b,normal,../input/heartbeat-sounds/set_b/normal_noisynormal_157_1306937583792_B.wav,22050,17.002766439909298,123.046875
616,b,normal,../input/heartbeat-sounds/set_b/normal_noisynormal_158_1306947254705_B1.wav,22050,2.2317913832199547,143.5546875
617,b,normal,../input/heartbeat-sounds/set_b/normal_noisynormal_158_1306947254705_D.wav,22050,12.208027210884353,123.046875
618,b,normal,../input/heartbeat-sounds/set_b/normal_noisynormal_159_1307018640315_A1.wav,22050,4.061269841269842,103.359375
619,b,normal,../input/heartbeat-sounds/set_b/normal_noisynormal_159_1307018640315_B.wav,22050,4.389251700680272,86.1328125
620,b,normal,../input/heartbeat-sounds/set_b/normal_noisynormal_163_1307104470471_D1.wav,22050,2.3467573696145125,172.265625
621,b,normal,../input/heartbeat-sounds/set_b/normal_noisynormal_167_1307111318050_A1.wav,22050,4.891791383219955,112.34714673913044
622,b,normal,../input/heartbeat-sounds/set_b/normal_noisynormal_167_1307111318050_B.wav,22050,11.250022675736961,123.046875
623,b,normal,../input/heartbeat-sounds/set_b/normal_noisynormal_168_1307970069434_A1.wav,22050,5.370022675736961,117.45383522727273
624,b,normal,../input/heartbeat-sounds/set_b/normal_noisynormal_169_1307970398039_A.wav,22050,4.091020408163265,123.046875
625,b,normal,../input/heartbeat-sounds/set_b/normal_noisynormal_170_1307970562729_C1.wav,22050,2.32875283446712,123.046875
626,b,normal,../input/heartbeat-sounds/set_b/normal_noisynormal_172_1307971284351_A.wav,22050,9.162040816326531,143.5546875
627,b,normal,../input/heartbeat-sounds/set_b/normal_noisynormal_173_1307973611151_B.wav,22050,1.9445351473922903,107.666015625
628,b,normal,../input/heartbeat-sounds/set_b/normal_noisynormal_173_1307973611151_C1.wav,22050,3.2035374149659863,161.4990234375
629,b,normal,../input/heartbeat-sounds/set_b/normal_noisynormal_176_1307988171173_D.wav,22050,3.323764172335601,107.666015625
630,b,normal,../input/heartbeat-sounds/set_b/normal_noisynormal_178_1307989887769_B1.wav,22050,1.6722902494331067,99.38401442307692
631,b,normal,../input/heartbeat-sounds/set_b/normal_noisynormal_181_1308052613891_A.wav,22050,10.18453514739229,117.45383522727273
632,b,normal,../input/heartbeat-sounds/set_b/normal_noisynormal_182_1308053371395_B.wav,22050,22.201541950113377,99.38401442307692
633,b,normal,../input/heartbeat-sounds/set_b/normal_noisynormal_188_1308074301731_A.wav,22050,12.017006802721088,135.99917763157896
634,b,normal,../input/heartbeat-sounds/set_b/normal_noisynormal_189_1308075231945_A1.wav,22050,2.6122902494331064,143.5546875
635,b,normal,../input/heartbeat-sounds/set_b/normal_noisynormal_194_1308139824187_C.wav,22050,2.1787755102040816,107.666015625
636,b,normal,../input/heartbeat-sounds/set_b/normal_noisynormal_198_1308141739338_D.wav,22050,4.687528344671202,143.5546875
637,b,normal,../input/heartbeat-sounds/set_b/normal_noisynormal_207_1308159792607_D.wav,22050,13.465759637188208,123.046875
638,b,normal,../input/heartbeat-sounds/set_b/normal_noisynormal_216_1308245839516_D.wav,22050,16.55551020408163,99.38401442307692
639,b,normal,../input/heartbeat-sounds/set_b/normal_noisynormal_234_1308748855534_B.wav,22050,1.875283446712018,99.38401442307692
640,b,normal,../input/heartbeat-sounds/set_b/normal_noisynormal_246_1309199278902_D.wav,22050,23.532018140589567,123.046875
641,b,normal,../input/heartbeat-sounds/set_b/normal_noisynormal_258_1309352253234_A.wav,22050,27.86702947845805,172.265625
642,b,normal,../input/heartbeat-sounds/set_b/normal_noisynormal_264_1309356143724_B.wav,22050,14.724761904761905,95.703125
643,b,normal,../input/heartbeat-sounds/set_b/normal_noisynormal_264_1309356143724_C.wav,22050,13.34875283446712,198.76802884615384
644,b,normal,../input/heartbeat-sounds/set_b/normal_noisynormal_264_1309356143724_D.wav,22050,12.351020408163265,129.19921875
645,b,normal,../input/heartbeat-sounds/set_b/normal_noisynormal_270_1309369533040_A.wav,22050,10.665260770975056,135.99917763157896
646,b,normal,../input/heartbeat-sounds/set_b/normal_noisynormal_270_1309369533040_B.wav,22050,12.110022675736962,184.5703125
647,b,normal,../input/heartbeat-sounds/set_b/normal_noisynormal_271_1309369876160_A.wav,22050,14.51827664399093,117.45383522727273
648,b,normal,../input/heartbeat-sounds/set_b/normal_noisynormal_271_1309369876160_C.wav,22050,10.802766439909297,92.28515625
649,b,normal,../input/heartbeat-sounds/set_b/normal_noisynormal_271_1309369876160_D.wav,22050,12.557278911564627,151.99908088235293
650,b,normal,../input/heartbeat-sounds/set_b/normal_noisynormal_278_1311163365896_B.wav,22050,12.591791383219954,89.10290948275862
651,b,normal,../input/heartbeat-sounds/set_b/normal_noisynormal_284_1311168471850_A.wav,22050,12.110022675736962,103.359375
652,b,normal,../input/heartbeat-sounds/set_b/normal_noisynormal_284_1311168471850_B.wav,22050,12.041269841269841,103.359375
653,b,normal,../input/heartbeat-sounds/set_b/normal_noisynormal_285_1311169246969_C.wav,22050,4.811292517006803,117.45383522727273
654,b,normal,../input/heartbeat-sounds/set_b/normal_noisynormal_296_1311682952647_C.wav,22050,13.142267573696145,129.19921875
655,b,normal,../input/heartbeat-sounds/set_b/normal_noisynormal_296_1311682952647_D.wav,22050,10.183537414965986,129.19921875
